{"XGBoost": {"MSE": 553.8536407346141, "R2": 0.9291998953641091, "Explained Variance": 0.9292086183794945}, "CatBoost": {"MSE": 435.6144205459878, "R2": 0.9443146270291702, "Explained Variance": 0.9443546263979539}, "Stacked": {"MSE": 546.8344118911508, "R2": 0.9300971759812795, "Explained Variance": 0.9301510497823023}}